"id","daily_paper_name","daily_paper_code","daily_paper_date","create_time"
"1","税镇计量站（临泉国桢）","lqgz","16/5/2023","16/5/2023 08:00:00"
"2","税镇计量站（界首海特）","jsht","16/5/2023","16/5/2023 08:00:00"
"3","太和经开区接收站（国桢支线）","gzzx","16/5/2023","16/5/2023 08:00:00"
"4","太和经开区接收站（税镇支线）","thgz","16/5/2023","16/5/2023 08:00:00"
"5","五星阀室（太和威琳）","thwl","16/5/2023","16/5/2023 08:00:00"
"6","税镇计量站（临泉国桢）","lqgz","17/5/2023","17/5/2023 08:00:00"
"7","税镇计量站（界首海特）","jsht","17/5/2023","17/5/2023 08:00:00"
"8","太和经开区接收站（国桢支线）","gzzx","17/5/2023","17/5/2023 08:00:00"
"9","太和经开区接收站（税镇支线）","thgz","17/5/2023","17/5/2023 08:00:00"
"10","五星阀室（太和威琳）","thwl","17/5/2023","17/5/2023 08:00:00"
"11","税镇计量站（临泉国桢）","lqgz","18/5/2023","18/5/2023 08:00:00"
"12","税镇计量站（界首海特）","jsht","18/5/2023","18/5/2023 08:00:00"
"13","太和经开区接收站（国桢支线）","gzzx","18/5/2023","18/5/2023 08:00:00"
"14","太和经开区接收站（税镇支线）","thgz","18/5/2023","18/5/2023 08:00:00"
"15","五星阀室（太和威琳）","thwl","18/5/2023","18/5/2023 08:00:00"
"16","税镇计量站（临泉国桢）","lqgz","19/5/2023","19/5/2023 08:00:00"
"17","税镇计量站（界首海特）","jsht","19/5/2023","19/5/2023 08:00:00"
"18","太和经开区接收站（国桢支线）","gzzx","19/5/2023","19/5/2023 08:00:00"
"19","太和经开区接收站（税镇支线）","thgz","19/5/2023","19/5/2023 08:00:00"
"20","五星阀室（太和威琳）","thwl","19/5/2023","19/5/2023 08:00:00"
"21","税镇计量站（临泉国桢）","lqgz","20/5/2023","20/5/2023 08:00:00"
"22","税镇计量站（界首海特）","jsht","20/5/2023","20/5/2023 08:00:00"
"23","太和经开区接收站（国桢支线）","gzzx","20/5/2023","20/5/2023 08:00:00"
"24","太和经开区接收站（税镇支线）","thgz","20/5/2023","20/5/2023 08:00:00"
"25","五星阀室（太和威琳）","thwl","20/5/2023","20/5/2023 08:00:00"
"26","税镇计量站（临泉国桢）","lqgz","21/5/2023","21/5/2023 08:00:01"
"27","税镇计量站（界首海特）","jsht","21/5/2023","21/5/2023 08:00:01"
"28","太和经开区接收站（国桢支线）","gzzx","21/5/2023","21/5/2023 08:00:01"
"29","太和经开区接收站（税镇支线）","thgz","21/5/2023","21/5/2023 08:00:01"
"30","五星阀室（太和威琳）","thwl","21/5/2023","21/5/2023 08:00:01"
"31","税镇计量站（临泉国桢）","lqgz","23/5/2023","23/5/2023 08:00:00"
"32","税镇计量站（界首海特）","jsht","23/5/2023","23/5/2023 08:00:00"
"33","太和经开区接收站（国桢支线）","gzzx","23/5/2023","23/5/2023 08:00:00"
"34","太和经开区接收站（税镇支线）","thgz","23/5/2023","23/5/2023 08:00:00"
"35","五星阀室（太和威琳）","thwl","23/5/2023","23/5/2023 08:00:00"
"36","税镇计量站（临泉国桢）","lqgz","24/5/2023","24/5/2023 08:00:00"
"37","税镇计量站（界首海特）","jsht","24/5/2023","24/5/2023 08:00:00"
"38","太和经开区接收站（国桢支线）","gzzx","24/5/2023","24/5/2023 08:00:00"
"39","太和经开区接收站（税镇支线）","thgz","24/5/2023","24/5/2023 08:00:00"
"40","五星阀室（太和威琳）","thwl","24/5/2023","24/5/2023 08:00:00"
"41","税镇计量站（临泉国桢）","lqgz","25/5/2023","25/5/2023 08:00:10"
"42","税镇计量站（界首海特）","jsht","25/5/2023","25/5/2023 08:00:10"
"43","太和经开区接收站（国桢支线）","gzzx","25/5/2023","25/5/2023 08:00:10"
"44","太和经开区接收站（税镇支线）","thgz","25/5/2023","25/5/2023 08:00:10"
"45","五星阀室（太和威琳）","thwl","25/5/2023","25/5/2023 08:00:10"
"46","税镇计量站（临泉国桢）","lqgz","26/5/2023","26/5/2023 08:00:10"
"47","税镇计量站（界首海特）","jsht","26/5/2023","26/5/2023 08:00:10"
"48","太和经开区接收站（国桢支线）","gzzx","26/5/2023","26/5/2023 08:00:10"
"49","太和经开区接收站（税镇支线）","thgz","26/5/2023","26/5/2023 08:00:10"
"50","五星阀室（太和威琳）","thwl","26/5/2023","26/5/2023 08:00:10"
"51","税镇计量站（临泉国桢）","lqgz","27/5/2023","27/5/2023 08:00:11"
"52","税镇计量站（界首海特）","jsht","27/5/2023","27/5/2023 08:00:11"
"53","太和经开区接收站（国桢支线）","gzzx","27/5/2023","27/5/2023 08:00:11"
"54","太和经开区接收站（税镇支线）","thgz","27/5/2023","27/5/2023 08:00:11"
"55","五星阀室（太和威琳）","thwl","27/5/2023","27/5/2023 08:00:11"
"56","税镇计量站（临泉国桢）","lqgz","5/6/2023","5/6/2023 08:03:52"
"57","税镇计量站（界首海特）","jsht","5/6/2023","5/6/2023 08:03:52"
"58","太和经开区接收站（国桢支线）","gzzx","5/6/2023","5/6/2023 08:03:52"
"59","太和经开区接收站（税镇支线）","thgz","5/6/2023","5/6/2023 08:03:52"
"60","五星阀室（太和威琳）","thwl","5/6/2023","5/6/2023 08:03:52"
"61","税镇计量站（临泉国桢）","lqgz","6/6/2023","6/6/2023 08:00:00"
"62","税镇计量站（界首海特）","jsht","6/6/2023","6/6/2023 08:00:00"
"63","太和经开区接收站（国桢支线）","gzzx","6/6/2023","6/6/2023 08:00:00"
"64","太和经开区接收站（税镇支线）","thgz","6/6/2023","6/6/2023 08:00:00"
"65","五星阀室（太和威琳）","thwl","6/6/2023","6/6/2023 08:00:00"
"66","税镇计量站（临泉国桢）","lqgz","7/6/2023","7/6/2023 08:00:16"
"67","税镇计量站（界首海特）","jsht","7/6/2023","7/6/2023 08:00:16"
"68","太和经开区接收站（国桢支线）","gzzx","7/6/2023","7/6/2023 08:00:16"
"69","太和经开区接收站（税镇支线）","thgz","7/6/2023","7/6/2023 08:00:16"
"70","五星阀室（太和威琳）","thwl","7/6/2023","7/6/2023 08:00:16"
"71","税镇计量站（临泉国桢）","lqgz","8/6/2023","8/6/2023 08:00:00"
"72","税镇计量站（界首海特）","jsht","8/6/2023","8/6/2023 08:00:00"
"73","太和经开区接收站（国桢支线）","gzzx","8/6/2023","8/6/2023 08:00:00"
"74","太和经开区接收站（税镇支线）","thgz","8/6/2023","8/6/2023 08:00:00"
"75","五星阀室（太和威琳）","thwl","8/6/2023","8/6/2023 08:00:00"
"76","税镇计量站（临泉国桢）","lqgz","10/6/2023","10/6/2023 08:00:00"
"77","税镇计量站（界首海特）","jsht","10/6/2023","10/6/2023 08:00:00"
"78","太和经开区接收站（国桢支线）","gzzx","10/6/2023","10/6/2023 08:00:00"
"79","太和经开区接收站（税镇支线）","thgz","10/6/2023","10/6/2023 08:00:00"
"80","五星阀室（太和威琳）","thwl","10/6/2023","10/6/2023 08:00:00"
"81","税镇计量站（临泉国桢）","lqgz","11/6/2023","11/6/2023 08:00:00"
"82","税镇计量站（界首海特）","jsht","11/6/2023","11/6/2023 08:00:00"
"83","太和经开区接收站（国桢支线）","gzzx","11/6/2023","11/6/2023 08:00:00"
"84","太和经开区接收站（税镇支线）","thgz","11/6/2023","11/6/2023 08:00:00"
"85","五星阀室（太和威琳）","thwl","11/6/2023","11/6/2023 08:00:00"
"86","税镇计量站（临泉国桢）","lqgz","12/6/2023","12/6/2023 08:00:10"
"87","税镇计量站（界首海特）","jsht","12/6/2023","12/6/2023 08:00:10"
"88","太和经开区接收站（国桢支线）","gzzx","12/6/2023","12/6/2023 08:00:10"
"89","太和经开区接收站（税镇支线）","thgz","12/6/2023","12/6/2023 08:00:10"
"90","五星阀室（太和威琳）","thwl","12/6/2023","12/6/2023 08:00:10"
"91","税镇计量站（临泉国桢）","lqgz","13/6/2023","13/6/2023 08:00:00"
"92","税镇计量站（界首海特）","jsht","13/6/2023","13/6/2023 08:00:00"
"93","太和经开区接收站（国桢支线）","gzzx","13/6/2023","13/6/2023 08:00:00"
"94","太和经开区接收站（税镇支线）","thgz","13/6/2023","13/6/2023 08:00:00"
"95","五星阀室（太和威琳）","thwl","13/6/2023","13/6/2023 08:00:00"
"96","税镇计量站（临泉国桢）","lqgz","14/6/2023","14/6/2023 08:00:14"
"97","税镇计量站（界首海特）","jsht","14/6/2023","14/6/2023 08:00:14"
"98","太和经开区接收站（国桢支线）","gzzx","14/6/2023","14/6/2023 08:00:14"
"99","太和经开区接收站（税镇支线）","thgz","14/6/2023","14/6/2023 08:00:14"
"100","五星阀室（太和威琳）","thwl","14/6/2023","14/6/2023 08:00:14"
"101","税镇计量站（临泉国桢）","lqgz","15/6/2023","15/6/2023 08:00:20"
"102","税镇计量站（界首海特）","jsht","15/6/2023","15/6/2023 08:00:20"
"103","太和经开区接收站（国桢支线）","gzzx","15/6/2023","15/6/2023 08:00:20"
"104","太和经开区接收站（税镇支线）","thgz","15/6/2023","15/6/2023 08:00:20"
"105","五星阀室（太和威琳）","thwl","15/6/2023","15/6/2023 08:00:20"
"106","税镇计量站（临泉国桢）","lqgz","16/6/2023","16/6/2023 08:00:03"
"107","税镇计量站（界首海特）","jsht","16/6/2023","16/6/2023 08:00:03"
"108","太和经开区接收站（国桢支线）","gzzx","16/6/2023","16/6/2023 08:00:03"
"109","太和经开区接收站（税镇支线）","thgz","16/6/2023","16/6/2023 08:00:03"
"110","五星阀室（太和威琳）","thwl","16/6/2023","16/6/2023 08:00:03"
"111","税镇计量站（临泉国桢）","lqgz","17/6/2023","17/6/2023 08:00:00"
"112","税镇计量站（界首海特）","jsht","17/6/2023","17/6/2023 08:00:00"
"113","太和经开区接收站（国桢支线）","gzzx","17/6/2023","17/6/2023 08:00:00"
"114","太和经开区接收站（税镇支线）","thgz","17/6/2023","17/6/2023 08:00:00"
"115","五星阀室（太和威琳）","thwl","17/6/2023","17/6/2023 08:00:00"
"116","税镇计量站（临泉国桢）","lqgz","18/6/2023","18/6/2023 08:00:39"
"117","税镇计量站（界首海特）","jsht","18/6/2023","18/6/2023 08:00:39"
"118","太和经开区接收站（国桢支线）","gzzx","18/6/2023","18/6/2023 08:00:39"
"119","太和经开区接收站（税镇支线）","thgz","18/6/2023","18/6/2023 08:00:39"
"120","五星阀室（太和威琳）","thwl","18/6/2023","18/6/2023 08:00:39"
"121","税镇计量站（临泉国桢）","lqgz","19/6/2023","19/6/2023 08:00:00"
"122","税镇计量站（界首海特）","jsht","19/6/2023","19/6/2023 08:00:00"
"123","太和经开区接收站（国桢支线）","gzzx","19/6/2023","19/6/2023 08:00:00"
"124","太和经开区接收站（税镇支线）","thgz","19/6/2023","19/6/2023 08:00:00"
"125","五星阀室（太和威琳）","thwl","19/6/2023","19/6/2023 08:00:00"
"126","税镇计量站（临泉国桢）","lqgz","29/6/2023","29/6/2023 08:00:10"
"127","税镇计量站（界首海特）","jsht","29/6/2023","29/6/2023 08:00:10"
"128","太和经开区接收站（国桢支线）","gzzx","29/6/2023","29/6/2023 08:00:10"
"129","太和经开区接收站（税镇支线）","thgz","29/6/2023","29/6/2023 08:00:10"
"130","五星阀室（太和威琳）","thwl","29/6/2023","29/6/2023 08:00:10"
"131","税镇计量站（临泉国桢）","lqgz","30/6/2023","30/6/2023 08:00:15"
"132","税镇计量站（界首海特）","jsht","30/6/2023","30/6/2023 08:00:15"
"133","太和经开区接收站（国桢支线）","gzzx","30/6/2023","30/6/2023 08:00:15"
"134","太和经开区接收站（税镇支线）","thgz","30/6/2023","30/6/2023 08:00:15"
"135","五星阀室（太和威琳）","thwl","30/6/2023","30/6/2023 08:00:15"
"136","税镇计量站（临泉国桢）","lqgz","1/7/2023","1/7/2023 08:00:14"
"137","税镇计量站（界首海特）","jsht","1/7/2023","1/7/2023 08:00:14"
"138","太和经开区接收站（国桢支线）","gzzx","1/7/2023","1/7/2023 08:00:14"
"139","太和经开区接收站（税镇支线）","thgz","1/7/2023","1/7/2023 08:00:14"
"140","五星阀室（太和威琳）","thwl","1/7/2023","1/7/2023 08:00:14"
"141","税镇计量站（临泉国桢）","lqgz","2/7/2023","2/7/2023 08:00:22"
"142","税镇计量站（界首海特）","jsht","2/7/2023","2/7/2023 08:00:22"
"143","太和经开区接收站（国桢支线）","gzzx","2/7/2023","2/7/2023 08:00:22"
"144","太和经开区接收站（税镇支线）","thgz","2/7/2023","2/7/2023 08:00:22"
"145","五星阀室（太和威琳）","thwl","2/7/2023","2/7/2023 08:00:22"
"146","税镇计量站（临泉国桢）","lqgz","3/7/2023","3/7/2023 08:00:10"
"147","税镇计量站（界首海特）","jsht","3/7/2023","3/7/2023 08:00:10"
"148","太和经开区接收站（国桢支线）","gzzx","3/7/2023","3/7/2023 08:00:10"
"149","太和经开区接收站（税镇支线）","thgz","3/7/2023","3/7/2023 08:00:10"
"150","五星阀室（太和威琳）","thwl","3/7/2023","3/7/2023 08:00:10"
"151","税镇计量站（临泉国桢）","lqgz","4/7/2023","4/7/2023 08:00:11"
"152","税镇计量站（界首海特）","jsht","4/7/2023","4/7/2023 08:00:11"
"153","太和经开区接收站（国桢支线）","gzzx","4/7/2023","4/7/2023 08:00:11"
"154","太和经开区接收站（税镇支线）","thgz","4/7/2023","4/7/2023 08:00:11"
"155","五星阀室（太和威琳）","thwl","4/7/2023","4/7/2023 08:00:11"
"156","税镇计量站（临泉国桢）","lqgz","6/7/2023","6/7/2023 08:00:00"
"157","税镇计量站（界首海特）","jsht","6/7/2023","6/7/2023 08:00:00"
"158","太和经开区接收站（国桢支线）","gzzx","6/7/2023","6/7/2023 08:00:00"
"159","太和经开区接收站（税镇支线）","thgz","6/7/2023","6/7/2023 08:00:00"
"160","五星阀室（太和威琳）","thwl","6/7/2023","6/7/2023 08:00:00"
"161","税镇计量站（临泉国桢）","lqgz","7/7/2023","7/7/2023 08:00:00"
"162","税镇计量站（界首海特）","jsht","7/7/2023","7/7/2023 08:00:00"
"163","太和经开区接收站（国桢支线）","gzzx","7/7/2023","7/7/2023 08:00:00"
"164","太和经开区接收站（税镇支线）","thgz","7/7/2023","7/7/2023 08:00:00"
"165","五星阀室（太和威琳）","thwl","7/7/2023","7/7/2023 08:00:00"
"166","税镇计量站（临泉国桢）","lqgz","8/7/2023","8/7/2023 08:00:13"
"167","税镇计量站（界首海特）","jsht","8/7/2023","8/7/2023 08:00:13"
"168","太和经开区接收站（国桢支线）","gzzx","8/7/2023","8/7/2023 08:00:13"
"169","太和经开区接收站（税镇支线）","thgz","8/7/2023","8/7/2023 08:00:13"
"170","五星阀室（太和威琳）","thwl","8/7/2023","8/7/2023 08:00:13"
"171","税镇计量站（临泉国桢）","lqgz","9/7/2023","9/7/2023 08:00:00"
"172","税镇计量站（界首海特）","jsht","9/7/2023","9/7/2023 08:00:00"
"173","太和经开区接收站（国桢支线）","gzzx","9/7/2023","9/7/2023 08:00:00"
"174","太和经开区接收站（税镇支线）","thgz","9/7/2023","9/7/2023 08:00:00"
"175","五星阀室（太和威琳）","thwl","9/7/2023","9/7/2023 08:00:00"
"176","税镇计量站（临泉国桢）","lqgz","10/7/2023","10/7/2023 08:00:10"
"177","税镇计量站（界首海特）","jsht","10/7/2023","10/7/2023 08:00:10"
"178","太和经开区接收站（国桢支线）","gzzx","10/7/2023","10/7/2023 08:00:10"
"179","太和经开区接收站（税镇支线）","thgz","10/7/2023","10/7/2023 08:00:10"
"180","五星阀室（太和威琳）","thwl","10/7/2023","10/7/2023 08:00:10"
"181","税镇计量站（临泉国桢）","lqgz","11/7/2023","11/7/2023 08:00:13"
"182","税镇计量站（界首海特）","jsht","11/7/2023","11/7/2023 08:00:13"
"183","太和经开区接收站（国桢支线）","gzzx","11/7/2023","11/7/2023 08:00:13"
"184","太和经开区接收站（税镇支线）","thgz","11/7/2023","11/7/2023 08:00:13"
"185","五星阀室（太和威琳）","thwl","11/7/2023","11/7/2023 08:00:13"
"186","税镇计量站（临泉国桢）","lqgz","12/7/2023","12/7/2023 08:00:14"
"187","税镇计量站（界首海特）","jsht","12/7/2023","12/7/2023 08:00:14"
"188","太和经开区接收站（国桢支线）","gzzx","12/7/2023","12/7/2023 08:00:14"
"189","太和经开区接收站（税镇支线）","thgz","12/7/2023","12/7/2023 08:00:14"
"190","五星阀室（太和威琳）","thwl","12/7/2023","12/7/2023 08:00:14"
"191","税镇计量站（临泉国桢）","lqgz","13/7/2023","13/7/2023 08:00:00"
"192","税镇计量站（界首海特）","jsht","13/7/2023","13/7/2023 08:00:00"
"193","太和经开区接收站（国桢支线）","gzzx","13/7/2023","13/7/2023 08:00:00"
"194","太和经开区接收站（税镇支线）","thgz","13/7/2023","13/7/2023 08:00:00"
"195","五星阀室（太和威琳）","thwl","13/7/2023","13/7/2023 08:00:00"
"196","税镇计量站（临泉国桢）","lqgz","14/7/2023","14/7/2023 08:00:12"
"197","税镇计量站（界首海特）","jsht","14/7/2023","14/7/2023 08:00:12"
"198","太和经开区接收站（国桢支线）","gzzx","14/7/2023","14/7/2023 08:00:12"
"199","太和经开区接收站（税镇支线）","thgz","14/7/2023","14/7/2023 08:00:12"
"200","五星阀室（太和威琳）","thwl","14/7/2023","14/7/2023 08:00:12"
